MVB,CD20,CD4,CD68,CD8,CK,FOXP3,Unidentified,CD11c,CD56
4001,0.0001723543605653223,0.0060324026197862805,0.6563254050327473,0.021285763529817304,0.28610823853843503,0.0037056187521544294,0.020412703644506387,0.0015677667163126127,0.0043897468056753155
4002,,0.018393898609241812,0.1987438313144908,0.06744429490055331,0.5712576641244205,0.0026917900403768506,0.11451023006483327,0.004577822990844354,0.022380467955239063
4003,,0.06475225225225226,0.23948948948948948,0.1173048048048048,0.45852102102102105,0.007132132132132132,0.10360297588558458,0.004738015607580825,0.004459308807134894
4004,,0.20727380248373745,0.0643110585452395,0.0770254287403903,0.10836782968657599,0.0007392075694855116,0.5278112479071196,0.004660289428501349,0.009811135638950209
4005,0.016900048285852245,0.4041525832930951,0.03991630452277483,0.014163849991952358,0.17656526637695155,0.009174311926605505,0.30588926903106844,0.00678334011667345,0.026455026455026454
4006,0.00015959144589849984,0.03271624640919247,0.05378231726779445,0.026172997127353975,0.7366741142674753,0.015161187360357485,0.11312336193991268,0.0009479956663055255,0.021262188515709643
4007,0.006258381761287439,0.1150350171360453,0.3050216063179854,0.04857696319475488,0.30248845179555955,0.11727015347936225,0.09190990416468167,0.009208561473369835,0.004230960676953708
4008,0.00019353590090961874,0.5511902457905942,0.24037158892974647,0.02419198761370234,0.0009676795045480937,0.0959938068511709,0.03714264871519867,0.008925506350841057,0.04102300034328871
4009,0.006201550387596899,0.20031007751937985,0.11131782945736435,0.030697674418604652,0.31410852713178294,0.1345736434108527,0.17365683940670207,0.011023622047244094,0.01811023622047244
4013,,0.08537984851962359,0.010328207482212531,0.044296534312600416,0.5680514115216893,0.022033509295386736,0.2559916494252411,0.006665359733385611,0.007253479709860812
4014,,0.4141363862618218,0.0008296001327360213,0.0030695204911232784,0.016094242575078813,0.1290857806537249,0.2092788180392454,0.007083647324792766,0.220422004521477
4015,,0.1526813880126183,0.44605678233438484,0.014511041009463722,0.2195583596214511,0.12639327024185068,0.014214291704566711,0.01005453306066803,0.01653033401499659
4017,,0.18474733426054707,0.030366249420491424,0.0602688919796013,0.41214649976819656,0.0025498377375985167,0.2528559694422608,0.015050167224080268,0.04201505016722408
4018,,0.21415094339622642,0.020754716981132074,0.0047169811320754715,0.3817610062893082,0.01981132075471698,0.24592981437881575,0.0007442322004465393,0.11213098486727859
4019,,0.005556490991749452,0.08705169220407476,0.05034517595554807,0.6962451591176966,0.0013470281192119885,0.11874418942808987,0.01313700014436264,0.02757326403926664
4020,0.00022662889518413598,0.06232294617563739,0.25076487252124646,0.15807365439093485,0.40793201133144474,0.013711048158640226,0.05830085396511231,0.031064670996893532,0.017603313564906336
4021,0.1582813891362422,0.29307658058771147,0.17731522707034728,0.04296527159394479,0.21616206589492432,0.005120213713268032,0.09971706848767034,0.006105225354641767,0.0012569581612497755
4023,,0.015087122821929451,0.3372290692732682,0.06332341691457713,0.44028899277518063,0.021674458138546536,0.025744063055061453,0.0759684091763821,0.02068446784505453
4024,0.00018328445747800586,0.014846041055718476,0.1904325513196481,0.014296187683284457,0.591275659824047,0.00018328445747800586,0.15129853570403373,0.015455675963759104,0.022028779534553206
4025,0.01086534730306558,0.11660845944897168,0.06422196352347691,0.02522312766783081,0.6078773767947225,0.0034924330616996507,0.14270704317012012,0.005357472750785147,0.023646776279327545
4026,,0.0016349887594522788,0.18332311465358675,0.02779480891068874,0.648068669527897,0.004291845493562232,0.037060485698291255,0.03862577639751553,0.05920031055900621
4027,0.005052897520922154,0.027633033317543028,0.026211905889783674,0.12253276488236223,0.4714984999210485,0.0009474182851729038,0.2835772728787168,0.03045985509389324,0.032086352210557445
4028,0.0009287925696594427,0.26346749226006194,0.04489164086687306,0.1755417956656347,0.2578947368421053,0.0009287925696594427,0.24640585723245434,0.0010746910263299302,0.008866200967221924
4029,,0.007896399241945672,0.08433354390397979,0.06159191408717625,0.5900189513581807,0.0030006317119393557,0.23677679331501186,0.00641025641025641,0.009971509971509971
4030,0.00011336583153837434,0.01802516721460152,0.0019272191361523637,0.11960095227298492,0.054075501643804556,0.00022673166307674868,0.7723124746013236,0.017707560173894604,0.016011027462623263
4031,0.0004924491135915955,0.04366382140512147,0.03479973736047275,0.03627708470124754,0.7734734077478661,0.01329612606697308,0.0752165409260158,0.004713275726630008,0.018067556952081697
4032,0.0002328830926874709,0.027945971122496506,0.050535631113181184,0.06753609687936656,0.5132743362831859,0.040055891942244994,0.2149312829780134,0.05337781484570475,0.03211009174311927
4033,0.00034674063800277393,0.012482662968099861,0.05790568654646325,0.05513176144244106,0.26525658807212205,0.004160887656033287,0.560214719084975,0.02765416401780038,0.016846789574062302
4034,,0.027403414195867025,0.2771787960467206,0.19115004492362983,0.2702156334231806,0.0031446540880503146,0.2209603673754617,0.006137566137566138,0.0038095238095238095
4035,0.00021992522542335605,0.004618429733890477,0.020453045964372113,0.028810204530459644,0.14734990103364856,0.0013195513525401364,0.7912145075165221,0.00541299117882919,0.0006014434643143544
4036,0.01005464480874317,0.08633879781420765,0.058797814207650276,0.04459016393442623,0.5416393442622951,0.008524590163934427,0.21743730192887048,0.006364359586316627,0.026252983293556086
4037,0.0002565418163160595,0.016418676244227808,0.021549512570549,0.028476141611082608,0.36018471010774755,0.008722421754746024,0.5527992539598471,0.0010080645161290322,0.010584677419354838
4038,0.0014227642276422765,0.0475609756097561,0.061585365853658536,0.16849593495934959,0.4973577235772358,0.0024390243902439024,0.18754549929253325,0.014613778705636743,0.01897893338394382
4039,,0.14862872309053377,0.05514597463874963,0.07785314066647006,0.19758183426717782,0.0023591860808021233,0.4921004504295395,0.007078142695356738,0.01925254813137033
4040,,0.018600252206809584,0.024274905422446407,0.15163934426229508,0.17559899117276168,0.00031525851197982345,0.41458353343599247,0.06633906633906633,0.14864864864864866
4041,0.0015023474178403756,0.021220657276995306,0.013708920187793428,0.17220657276995305,0.536150234741784,0.0020657276995305163,0.22920286252057373,0.015728766165676335,0.008213911219853199
4042,,0.006658343736995423,0.13108614232209737,0.022888056595921764,0.19808572617561382,0.0014565126924677486,0.6230545476500708,0.004875195007800312,0.01189547581903276
4043,,0.007757757757757758,0.017517517517517518,0.12212212212212212,0.3385885885885886,0.0025025025025025025,0.4871432804645801,0.004061371841155234,0.020306859205776174
4044,0.00019264110961279138,0.031978424195723366,0.04161047967636294,0.08013870159892121,0.2654594490464265,0.00019264110961279138,0.5777660663051655,0.0009505703422053232,0.0017110266159695818
4045,0.04846466888642249,0.06437291897891231,0.04772475027746948,0.04328523862375139,0.29485756566777654,0.006289308176100629,0.49195676890176226,0.00033875338753387534,0.0027100271002710027
4046,0.0037376826367652057,0.0564050288820931,0.07373428474345906,0.12436289500509684,0.26061841658171936,0.0061162079510703364,0.3369388416005181,0.10138387484957882,0.036702767749699154
4047,0.014449291166848418,0.05970556161395856,0.32360959651035986,0.02862595419847328,0.2611777535441658,0.0351690294438386,0.2410844695733109,0.005095541401273885,0.0310828025477707
4048,0.02195568204919699,0.051839804838381784,0.1272616385444196,0.111404757064444,0.4167513722301281,0.004065867046147591,0.23103356704903422,0.02001510574018127,0.015672205438066467
4049,0.003163786809442687,0.05889510829885617,0.020442930153321975,0.05573132148941348,0.3757605256753468,0.002433682161109759,0.4635140472606047,0.006310570205093531,0.013748027946810909
4050,0.0009602688752850798,0.011163125675189053,0.08210298883687432,0.018605209458648422,0.7672548313527788,0.0010803024846957148,0.1030031101063188,0.0013498588783899864,0.014480304331819856
4051,0.0003624501631025734,0.0395070677781805,0.029358463211308444,0.05654222544400145,0.2439289597680319,0.009786154403769481,0.6026697924780023,0.004118050789293068,0.013726835964310227
4052,,0.008636875704093128,0.009012392039053699,0.0912504693954187,0.40931280510702217,0.006759294029290274,0.4187390740795348,0.022932592077831826,0.03335649756775538
4053,0.01372055796935742,0.10290418477018065,0.002058083695403613,0.07774982849302538,0.05671163960667734,0.0029727875600274413,0.6188032831633447,0.00891909110214483,0.1161605436398386
4054,0.0007860090391039497,0.02063273727647868,0.14580467675378267,0.05050108076242877,0.1951267439575555,0.0009825112988799372,0.5779202350708497,0.005325545438928019,0.0029204604019927847
4055,0.00011323745895142112,0.003623598686445476,0.027516702525195336,0.13146868984259993,0.5969878835918921,0.0006794247537085268,0.2177276478500317,0.01929260450160772,0.002590210789567703
4056,,0.027925531914893616,0.08377659574468085,0.03956117021276596,0.542220744680851,0.0006648936170212766,0.23928700072859446,0.04001539053482109,0.02654867256637168
4057,,0.0022130013831258644,,0.7742738589211619,0.019363762102351315,,0.109160910409465,0.09414971692178654,0.000838750262109457
MVB 0033,,0.010245151847786316,0.03476033662641786,0.012074643249176729,0.5532381997804611,,0.3203436894020814,0.03623693379790941,0.033101045296167246
MVB 0037,,0.3069987118935165,0.0639759553456419,0.028767711464147704,0.34607127522541864,0.008372692142550452,0.1697940084023528,0.01964552637198377,0.05637411915438821
MVB 0039,,0.041503410245247424,0.14148889856334348,0.00261210274270788,0.3529241039036424,,0.3564902311974423,0.0660596322085342,0.038921621139082305
MVB 0040,0.07425213675213675,0.09918091168091168,0.023148148148148147,0.009259259259259259,0.5877849002849003,0.003205128205128205,0.16948606764343815,0.03187250996015936,0.0018109380659181455
MVB 0041,,0.012410189418680601,0.009144350097975179,0.1378184193337688,0.240365774003919,0.009797517962116264,0.564147959709856,0.011351909184726523,0.014963880288957688
MVB 0044,0.004206983592763988,0.15271350441733278,0.012620950778291964,0.2170803533866218,0.24274295330248213,0.008413967185527976,0.15164001340728916,0.07727114514444831,0.1333101287852419
MVB 0048,,0.009861048857014791,0.09636934110264456,0.00582698341550874,0.5186015239802779,0.0044822949350067235,0.253214149846402,0.10684273709483794,0.004801920768307323
MVB 0049,0.011353711790393014,0.13624454148471615,0.09170305676855896,0.11877729257641921,0.01222707423580786,0.00611353711790393,0.441543897493723,0.0008019246190858059,0.18123496391339214
MVB 0051,,0.013865308432371251,0.05715902659875495,0.04753820033955857,0.42699490662139217,0.0011318619128466328,0.38650422515439337,0.012881965248651888,0.05392450569203116
MVB 0053,,0.004341534008683068,0.030390738060781478,0.00723589001447178,0.5426917510853835,,0.38609217596717044,0.019498607242339833,0.009749303621169917
MVB 0054,0.0003245348334054522,0.03277801817395067,0.10212029424491562,0.15804846386845522,0.6621592384249243,0.005625270445694505,0.015405752156672652,0.006130939347492884,0.017407488504488724
MVB 0055,0.0012350761630300535,0.02840675174969123,0.03499382461918485,0.058460271716755864,0.4188966652943598,0.0008233841086867024,0.44209917405413685,0.0016760946993505132,0.013408757594804106
MVB 0056,0.012360939431396786,0.2169344870210136,0.019777503090234856,0.011742892459826947,0.3257107540173053,,0.40897904195775064,0.0011235955056179776,0.0033707865168539327
MVB 0059,0.0453920220082531,0.047111416781292985,0.02544704264099037,0.0546767537826685,0.2696011004126547,0.002751031636863824,0.5030263307429745,0.019230769230769232,0.03276353276353276
MVB 0065,0.006596306068601583,0.29155672823219,0.026385224274406333,0.22163588390501318,0.018469656992084433,0.006596306068601583,0.38791975443576565,0.009334889148191364,0.03150525087514586
MVB 0067,,0.005870841487279843,0.16389432485322897,0.0017123287671232876,0.6590019569471625,0.0009784735812133072,0.1631331604739013,0.0028126352228472523,0.0025962786672436176
MVB 0070,,0.025684931506849314,0.1095890410958904,0.00684931506849315,0.2363013698630137,0.003424657534246575,0.5577599211659651,0.003552397868561279,0.056838365896980464
MVB 0073,,0.018321826872012746,0.044078597981943704,0.03983005841741901,0.5238980350504514,0.014338821030270845,0.24874691150197742,0.0036603221083455345,0.10712542703757931
MVB 0075,0.0024862369028591726,0.049369561356775,0.15041733262297993,0.01562777481797194,0.229621736814065,0.018646776771443795,0.5104480209389404,0.022855133614627286,0.0005274261603375527
MVB 0076,,0.013898191560616209,0.05040187541862023,0.020596115204286673,0.7319156061620897,0.001507032819825854,0.16727499471650084,0.010189739985945186,0.004216444132115249
MVB 0236,0.0001669727834362999,0.034730338954750375,0.6032726665553515,0.019201870095174486,0.010185339789614292,0.011855067623977292,0.3066521363168692,0.00945058465481339,0.004485023226013135
MVB 0359,,0.18674242424242424,0.026893939393939394,0.03409090909090909,0.048484848484848485,0.0015151515151515152,0.6983326169496382,0.002364066193853428,0.0015760441292356187
MVB 0360,,0.007816316560820713,0.02768278781957336,0.16365412799218368,0.5298811268523042,0.00016283992835043154,0.2173140574330681,0.01005907711959125,0.04342966629410826
MVB 0361,8.071676487206392e-05,0.012914682379530229,0.004035838243603197,0.06166760836225684,0.46444426507385583,0.0015336185325692147,0.40194184593636945,0.04048692515779982,0.012894499549143372
MVB 0366,,0.006718924972004479,0.06494960806270997,0.017357222844344905,0.13381858902575589,0.0011198208286674132,0.7615079892301977,0.010653753026634382,0.00387409200968523
mvb1029,0.0010238907849829352,0.09078498293515358,0.006484641638225256,0.7706484641638225,0.01911262798634812,0.002389078498293515,0.03513102663685222,0.054310344827586204,0.020114942528735632
mvb1033,,,0.02032520325203252,0.37367104440275173,0.2945590994371482,0.008442776735459663,0.03174681544386293,0.15991902834008098,0.11133603238866396
mvb1035,0.0009078529278256923,0.051747616886064454,0.11166591012256015,0.11756695415342715,0.31048570131638675,0.0027235587834770767,0.3418356292232843,0.031739488870568835,0.031327287716405604
mvb1036,,0.0031341821743388833,0.0037218413320274243,0.574926542605289,0.09324191968658178,0.0013712047012732615,0.14326278513564178,0.12140774677217826,0.05893377759266972
mvb1043,,0.005934718100890208,0.008605341246290801,0.22433234421364986,0.2433234421364985,0.00830860534124629,0.3699606652404941,0.10332225913621262,0.036212624584717606
mvb1044,,0.018912529550827423,0.04846335697399527,0.13435776201733649,0.4523246650906225,0.026792750197005517,0.13851498046026922,0.008684324793747287,0.17194963091619628
mvb1047,,0.03234880450070324,0.013681114946937733,0.2149341516430124,0.09500063930443678,0.0028129395218002813,0.5810221160433228,0.028474840722922896,0.031725393316863866
mvb1060,,0.024165707710011506,,0.4177215189873418,0.0011507479861910242,0.004602991944764097,0.512988954631534,0.01706036745406824,0.02230971128608924
mvb1063,0.00018984337921214997,0.006169909824394874,0.18130042714760322,0.3568106312292359,0.09729473184622686,0.004935927859515899,0.24567201410226444,0.09418592811322676,0.013440586498319926
mvb1065,,0.0019271948608137045,0.013704496788008565,0.4755888650963597,0.018843683083511777,0.00021413276231263382,0.4467062026859868,0.00934173365196611,0.03367369107104062
mvb1066,,0.1279204256303493,0.10663890816562573,0.12352532963219987,0.03631737219523479,0.0011566042100393246,0.5732540133187007,0.01848964134551125,0.01269770550233905
mvb1068,0.0004785452225235285,0.2501196363056309,0.02137501993938427,0.08900941138937629,0.047535492104003825,0.000638060296698038,0.5631368283729564,0.014490445859872612,0.01321656050955414
mvb1070,,0.023121387283236993,0.1291907514450867,0.10289017341040463,0.27167630057803466,0.0005780346820809249,0.2569430020314804,0.15571136430032134,0.05988898626935437
